{
    "exact": 68.86412652767793,
    "f1": 75.63635148724693,
    "total": 13910,
    "HasAns_exact": 65.12338425381904,
    "HasAns_f1": 76.19290824766308,
    "HasAns_total": 8510,
    "NoAns_exact": 74.75925925925925,
    "NoAns_f1": 74.75925925925925,
    "NoAns_total": 5400,
    "best_exact": 69.5470884255931,
    "best_exact_thresh": -2.8585147857666016,
    "best_f1": 75.93894217036554,
    "best_f1_thresh": -0.5675802230834961
}