{
    "exact": 75.31991373112868,
    "f1": 82.42063530518962,
    "total": 13910,
    "HasAns_exact": 69.63572267920094,
    "HasAns_f1": 81.24219002293758,
    "HasAns_total": 8510,
    "NoAns_exact": 84.27777777777777,
    "NoAns_f1": 84.27777777777777,
    "NoAns_total": 5400,
    "best_exact": 75.77282530553559,
    "best_exact_thresh": -3.425420045852661,
    "best_f1": 82.55358096392573,
    "best_f1_thresh": -2.3356690406799316
}