{
    "exact": 73.0396698391308,
    "f1": 76.37471546404191,
    "total": 11873,
    "HasAns_exact": 72.89136302294197,
    "HasAns_f1": 79.57101833747792,
    "HasAns_total": 5928,
    "NoAns_exact": 73.18755256518082,
    "NoAns_f1": 73.18755256518082,
    "NoAns_total": 5945,
    "best_exact": 74.44622252168786,
    "best_exact_thresh": -4.165757775306702,
    "best_f1": 77.35403952624661,
    "best_f1_thresh": -3.436007022857666
}