{
    "exact": 68.82099209202013,
    "f1": 75.40989614788185,
    "total": 13910,
    "HasAns_exact": 64.38307873090481,
    "HasAns_f1": 75.15295598320148,
    "HasAns_total": 8510,
    "NoAns_exact": 75.81481481481481,
    "NoAns_f1": 75.81481481481481,
    "NoAns_total": 5400,
    "best_exact": 69.40330697340043,
    "best_exact_thresh": -3.012095719575882,
    "best_f1": 75.59062539009085,
    "best_f1_thresh": -2.7420668601989746
}