{
    "exact": 67.54852624011502,
    "f1": 74.56131357591282,
    "total": 13910,
    "HasAns_exact": 63.5840188014101,
    "HasAns_f1": 75.04675344782059,
    "HasAns_total": 8510,
    "NoAns_exact": 73.79629629629629,
    "NoAns_f1": 73.79629629629629,
    "NoAns_total": 5400,
    "best_exact": 68.1883537023724,
    "best_exact_thresh": -1.5014986991882324,
    "best_f1": 74.80589072065844,
    "best_f1_thresh": -1.5014986991882324
}