{
    "exact": 82.14953271028037,
    "f1": 88.03729280431229,
    "total": 13910,
    "HasAns_exact": 77.64982373678026,
    "HasAns_f1": 87.27364781527561,
    "HasAns_total": 8510,
    "NoAns_exact": 89.24074074074075,
    "NoAns_f1": 89.24074074074075,
    "NoAns_total": 5400,
    "best_exact": 82.67433501078361,
    "best_exact_thresh": -3.744009792804718,
    "best_f1": 88.36485762010665,
    "best_f1_thresh": -1.9670724868774414
}