{
    "exact": 78.56218547807333,
    "f1": 85.01159450848371,
    "total": 13910,
    "HasAns_exact": 73.80728554641598,
    "HasAns_f1": 84.34915154089529,
    "HasAns_total": 8510,
    "NoAns_exact": 86.05555555555556,
    "NoAns_f1": 86.05555555555556,
    "NoAns_total": 5400,
    "best_exact": 79.38173975557153,
    "best_exact_thresh": -4.7172605991363525,
    "best_f1": 85.46856646744298,
    "best_f1_thresh": -1.9320693016052246
}