{
    "exact": 71.96980589503954,
    "f1": 79.09447092523462,
    "total": 13910,
    "HasAns_exact": 65.89894242068155,
    "HasAns_f1": 77.54454648296368,
    "HasAns_total": 8510,
    "NoAns_exact": 81.53703703703704,
    "NoAns_f1": 81.53703703703704,
    "NoAns_total": 5400,
    "best_exact": 72.33644859813084,
    "best_exact_thresh": -1.2845406532287598,
    "best_f1": 79.25497301600144,
    "best_f1_thresh": -0.3198685646057129
}