{
    "exact": 69.7411933860532,
    "f1": 76.52879327849395,
    "total": 13910,
    "HasAns_exact": 64.86486486486487,
    "HasAns_f1": 75.95951991819751,
    "HasAns_total": 8510,
    "NoAns_exact": 77.42592592592592,
    "NoAns_f1": 77.42592592592592,
    "NoAns_total": 5400,
    "best_exact": 70.16534867002157,
    "best_exact_thresh": -2.734963893890381,
    "best_f1": 76.57228321774147,
    "best_f1_thresh": -0.51751708984375
}