{
    "exact": 75.14018691588785,
    "f1": 82.40674183342689,
    "total": 13910,
    "HasAns_exact": 69.24794359576968,
    "HasAns_f1": 81.1254734316075,
    "HasAns_total": 8510,
    "NoAns_exact": 84.42592592592592,
    "NoAns_f1": 84.42592592592592,
    "NoAns_total": 5400,
    "best_exact": 75.52120776419842,
    "best_exact_thresh": -2.3455400466918945,
    "best_f1": 82.45619441092263,
    "best_f1_thresh": -1.6222431659698486
}