{
    "exact": 72.22861250898634,
    "f1": 79.4056863316235,
    "total": 13910,
    "HasAns_exact": 66.20446533490012,
    "HasAns_f1": 77.93573406261935,
    "HasAns_total": 8510,
    "NoAns_exact": 81.72222222222223,
    "NoAns_f1": 81.72222222222223,
    "NoAns_total": 5400,
    "best_exact": 72.51617541337167,
    "best_exact_thresh": -1.7715024948120117,
    "best_f1": 79.42758552677147,
    "best_f1_thresh": -0.6537003517150879
}