{
    "exact": 75.34867002156722,
    "f1": 81.82940258821685,
    "total": 13910,
    "HasAns_exact": 70.45828437132785,
    "HasAns_f1": 81.05135017651047,
    "HasAns_total": 8510,
    "NoAns_exact": 83.05555555555556,
    "NoAns_f1": 83.05555555555556,
    "NoAns_total": 5400,
    "best_exact": 75.76563623292596,
    "best_exact_thresh": -5.050903916358948,
    "best_f1": 82.06342081950636,
    "best_f1_thresh": -2.1130151748657227
}