{
    "exact": 69.12293314162473,
    "f1": 75.99317533016601,
    "total": 13910,
    "HasAns_exact": 65.07638072855464,
    "HasAns_f1": 76.30611854789855,
    "HasAns_total": 8510,
    "NoAns_exact": 75.5,
    "NoAns_f1": 75.5,
    "NoAns_total": 5400,
    "best_exact": 69.5902228612509,
    "best_exact_thresh": -2.2468464374542236,
    "best_f1": 76.20372912333646,
    "best_f1_thresh": -1.6620368957519531
}