{
    "exact": 71.7900790797987,
    "f1": 78.93430771204105,
    "total": 13910,
    "HasAns_exact": 65.60517038777908,
    "HasAns_f1": 77.28275208866012,
    "HasAns_total": 8510,
    "NoAns_exact": 81.53703703703704,
    "NoAns_f1": 81.53703703703704,
    "NoAns_total": 5400,
    "best_exact": 72.01294033069733,
    "best_exact_thresh": -1.2893571853637695,
    "best_f1": 78.98685640944836,
    "best_f1_thresh": -0.09527444839477539
}