{
    "exact": 69.0294751976995,
    "f1": 75.95533830211684,
    "total": 13910,
    "HasAns_exact": 64.87661574618096,
    "HasAns_f1": 76.19726859958332,
    "HasAns_total": 8510,
    "NoAns_exact": 75.57407407407408,
    "NoAns_f1": 75.57407407407408,
    "NoAns_total": 5400,
    "best_exact": 69.6117900790798,
    "best_exact_thresh": -2.3762437105178833,
    "best_f1": 76.13969558172059,
    "best_f1_thresh": -2.3762437105178833
}