{
    "exact": 71.90510424155283,
    "f1": 79.12850105412352,
    "total": 13910,
    "HasAns_exact": 65.73443008225617,
    "HasAns_f1": 77.54141594158261,
    "HasAns_total": 8510,
    "NoAns_exact": 81.62962962962963,
    "NoAns_f1": 81.62962962962963,
    "NoAns_total": 5400,
    "best_exact": 72.1351545650611,
    "best_exact_thresh": -1.9979515075683594,
    "best_f1": 79.25276041166725,
    "best_f1_thresh": -0.6948578357696533
}