{
    "exact": 67.35442127965493,
    "f1": 74.20192488137548,
    "total": 13910,
    "HasAns_exact": 64.5123384253819,
    "HasAns_f1": 75.70490894241391,
    "HasAns_total": 8510,
    "NoAns_exact": 71.83333333333333,
    "NoAns_f1": 71.83333333333333,
    "NoAns_total": 5400,
    "best_exact": 67.84327821711,
    "best_exact_thresh": -2.7857041358947754,
    "best_f1": 74.44169464807693,
    "best_f1_thresh": -2.7857041358947754
}