{
    "exact": 81.25089863407621,
    "f1": 87.7258298929791,
    "total": 13910,
    "HasAns_exact": 75.53466509988249,
    "HasAns_f1": 86.11824839146308,
    "HasAns_total": 8510,
    "NoAns_exact": 90.25925925925925,
    "NoAns_f1": 90.25925925925925,
    "NoAns_total": 5400,
    "best_exact": 81.66786484543493,
    "best_exact_thresh": -4.904458999633789,
    "best_f1": 88.00192818209067,
    "best_f1_thresh": -2.891829788684845
}