{
    "exact": 71.078360891445,
    "f1": 78.58944158064,
    "total": 13910,
    "HasAns_exact": 67.3090481786134,
    "HasAns_f1": 79.58626702546563,
    "HasAns_total": 8510,
    "NoAns_exact": 77.01851851851852,
    "NoAns_f1": 77.01851851851852,
    "NoAns_total": 5400,
    "best_exact": 72.40833932422717,
    "best_exact_thresh": -3.8815985545516014,
    "best_f1": 79.38631492385328,
    "best_f1_thresh": -3.3502467796206474
}