{
    "exact": 72.66714593817397,
    "f1": 79.94509483906246,
    "total": 13910,
    "HasAns_exact": 66.68625146886016,
    "HasAns_f1": 78.58240531273417,
    "HasAns_total": 8510,
    "NoAns_exact": 82.0925925925926,
    "NoAns_f1": 82.0925925925926,
    "NoAns_total": 5400,
    "best_exact": 72.94751976994968,
    "best_exact_thresh": -0.6630496978759766,
    "best_f1": 80.07580436888944,
    "best_f1_thresh": -0.6630496978759766
}