{
    "exact": 70.9489575844716,
    "f1": 78.16004582213836,
    "total": 13910,
    "HasAns_exact": 64.13631022326675,
    "HasAns_f1": 75.9231771311342,
    "HasAns_total": 8510,
    "NoAns_exact": 81.68518518518519,
    "NoAns_f1": 81.68518518518519,
    "NoAns_total": 5400,
    "best_exact": 71.26527677929548,
    "best_exact_thresh": -1.4694862365722656,
    "best_f1": 78.26376376160682,
    "best_f1_thresh": -1.4694862365722656
}