{
    "exact": 68.72753414809489,
    "f1": 76.03331010921595,
    "total": 13910,
    "HasAns_exact": 65.4641598119859,
    "HasAns_f1": 77.40579831012941,
    "HasAns_total": 8510,
    "NoAns_exact": 73.87037037037037,
    "NoAns_f1": 73.87037037037037,
    "NoAns_total": 5400,
    "best_exact": 70.1078360891445,
    "best_exact_thresh": -4.68653954192996,
    "best_f1": 76.77140636803162,
    "best_f1_thresh": -2.867226555943489
}