{
    "exact": 71.82602444284687,
    "f1": 78.98063569881911,
    "total": 13910,
    "HasAns_exact": 65.31139835487662,
    "HasAns_f1": 77.00595094836434,
    "HasAns_total": 8510,
    "NoAns_exact": 82.0925925925926,
    "NoAns_f1": 82.0925925925926,
    "NoAns_total": 5400,
    "best_exact": 72.12796549245148,
    "best_exact_thresh": -1.768568515777588,
    "best_f1": 79.08454808166643,
    "best_f1_thresh": -0.21764469146728516
}