{
    "exact": 69.58303378864126,
    "f1": 76.4116556980816,
    "total": 13910,
    "HasAns_exact": 63.513513513513516,
    "HasAns_f1": 74.67522100591343,
    "HasAns_total": 8510,
    "NoAns_exact": 79.14814814814815,
    "NoAns_f1": 79.14814814814815,
    "NoAns_total": 5400,
    "best_exact": 70.07189072609633,
    "best_exact_thresh": -3.602680206298828,
    "best_f1": 76.5852482394066,
    "best_f1_thresh": -0.905236005783081
}